Frame00001_Straight.jpg	Straight
Frame00002_Straight.jpg	Straight
Frame00003_Straight.jpg	Straight
Frame00004_Straight.jpg	Straight
Frame00005_Straight.jpg	Straight
Frame00006_Straight.jpg	Straight
Frame00007_Straight.jpg	Straight
Frame00008_Straight.jpg	Straight
Frame00009_Straight.jpg	Straight
Frame00010_Straight.jpg	Straight
Frame00011_Straight.jpg	Straight
Frame00012_Straight.jpg	Straight
Frame00013_Straight.jpg	Straight
Frame00014_Straight.jpg	Straight
Frame00015_Straight.jpg	Straight
Frame00016_Straight.jpg	Straight
Frame00017_Straight.jpg	Straight
Frame00018_Straight.jpg	Straight
Frame00019_Straight.jpg	Straight
Frame00020_Straight.jpg	Straight
Frame00021_Straight.jpg	Straight
Frame00022_Straight.jpg	Straight
Frame00023_Straight.jpg	Straight
Frame00024_Straight.jpg	Straight
Frame00025_Straight.jpg	Straight
Frame00026_Straight.jpg	Straight
Frame00027_Straight.jpg	Straight
Frame00028_Straight.jpg	Straight
Frame00029_Straight.jpg	Straight
Frame00030_Straight.jpg	Straight
Frame00031_Straight.jpg	Straight
Frame00032_Straight.jpg	Straight
Frame00033_Straight.jpg	Straight
Frame00034_Straight.jpg	Straight
Frame00035_Straight.jpg	Straight
Frame00036_Straight.jpg	Straight
Frame00037_Straight.jpg	Straight
Frame00038_Straight.jpg	Straight
Frame00039_Straight.jpg	Straight
Frame00040_Straight.jpg	Straight
Frame00041_Straight.jpg	Straight
Frame00042_Straight.jpg	Straight
Frame00043_Straight.jpg	Straight
Frame00044_Straight.jpg	Straight
Frame00045_Straight.jpg	Straight
Frame00046_Straight.jpg	Straight
Frame00047_Straight.jpg	Straight
Frame00048_Straight.jpg	Straight
Frame00049_Straight.jpg	Straight
Frame00050_Straight.jpg	Straight
Frame00051_Straight.jpg	Straight
Frame00052_Straight.jpg	Straight
Frame00053_Straight.jpg	Straight
Frame00054_Straight.jpg	Straight
Frame00055_Straight.jpg	Straight
Frame00056_Straight.jpg	Straight
Frame00057_Straight.jpg	Straight
Frame00058_Straight.jpg	Straight
Frame00059_Straight.jpg	Straight
Frame00060_Straight.jpg	Straight
Frame00061_Straight.jpg	Straight
Frame00062_Straight.jpg	Straight
Frame00063_Straight.jpg	Straight
Frame00064_Straight.jpg	Straight
Frame00065_Straight.jpg	Straight
Frame00066_Straight.jpg	Straight
Frame00067_Straight.jpg	Straight
Frame00068_Straight.jpg	Straight
Frame00069_Straight.jpg	Straight
Frame00070_Straight.jpg	Straight
Frame00071_Straight.jpg	Straight
Frame00072_Straight.jpg	Straight
Frame00073_Straight.jpg	Straight
Frame00074_Straight.jpg	Straight
Frame00075_Straight.jpg	Straight
Frame00076_Straight.jpg	Straight
Frame00077_Straight.jpg	Straight
Frame00078_Straight.jpg	Straight
Frame00079_Straight.jpg	Straight
Frame00080_Straight.jpg	Straight
Frame00081_Straight.jpg	Straight
Frame00082_Straight.jpg	Straight
Frame00083_Straight.jpg	Straight
Frame00084_Straight.jpg	Straight
Frame00085_Straight.jpg	Straight
Frame00086_Straight.jpg	Straight
Frame00087_Straight.jpg	Straight
Frame00088_Straight.jpg	Straight
Frame00089_Straight.jpg	Straight
Frame00090_Straight.jpg	Straight
Frame00091_Straight.jpg	Straight
Frame00092_Straight.jpg	Straight
Frame00093_Straight.jpg	Straight
Frame00094_Straight.jpg	Straight
Frame00095_Straight.jpg	Straight
Frame00096_Straight.jpg	Straight
Frame00097_Straight.jpg	Straight
Frame00098_Straight.jpg	Straight
Frame00099_Straight.jpg	Straight
Frame00100_Straight.jpg	Straight
Frame00101_Straight.jpg	Straight
Frame00102_Straight.jpg	Straight
Frame00103_Straight.jpg	Straight
Frame00104_Straight.jpg	Straight
Frame00105_Straight.jpg	Straight
Frame00106_Straight.jpg	Straight
Frame00107_Straight.jpg	Straight
Frame00108_Straight.jpg	Straight
Frame00109_Straight.jpg	Straight
Frame00110_Straight.jpg	Straight
Frame00111_Straight.jpg	Straight
Frame00112_Straight.jpg	Straight
Frame00113_Straight.jpg	Straight
Frame00114_Straight.jpg	Straight
Frame00115_Straight.jpg	Straight
Frame00116_Straight.jpg	Straight
Frame00117_Straight.jpg	Straight
Frame00118_Straight.jpg	Straight
Frame00119_Straight.jpg	Straight
Frame00120_Straight.jpg	Straight
Frame00121_Straight.jpg	Straight
Frame00122_Straight.jpg	Straight
Frame00123_Straight.jpg	Straight
Frame00124_Straight.jpg	Straight
Frame00125_Straight.jpg	Straight
Frame00126_Straight.jpg	Straight
Frame00127_Straight.jpg	Straight
Frame00128_Straight.jpg	Straight
Frame00129_Straight.jpg	Straight
Frame00130_Straight.jpg	Straight
Frame00131_Straight.jpg	Straight
Frame00132_Straight.jpg	Straight
Frame00133_Straight.jpg	Straight
Frame00134_Straight.jpg	Straight
Frame00135_Straight.jpg	Straight
Frame00136_Straight.jpg	Straight
Frame00137_Straight.jpg	Straight
Frame00138_Straight.jpg	Straight
Frame00139_Straight.jpg	Straight
Frame00140_Straight.jpg	Straight
Frame00141_Straight.jpg	Straight
Frame00151_Wavy.jpg	Wavy
Frame00153_Wavy.jpg	Wavy
Frame00154_Wavy.jpg	Wavy
Frame00164_Wavy.jpg	Wavy
Frame00165_Wavy.jpg	Wavy
Frame00168_Wavy.jpg	Wavy
Frame00172_Wavy.jpg	Wavy
Frame00178_Wavy.jpg	Wavy
Frame00182_Wavy.jpg	Wavy
Frame00186_Wavy.jpg	Wavy
Frame00187_Wavy.jpg	Wavy
Frame00202_Wavy.jpg	Wavy
Frame00203_Wavy.jpg	Wavy
Frame00207_Wavy.jpg	Wavy
Frame00216_Wavy.jpg	Wavy
Frame00232_Straight.jpg	Straight
Frame00238_Wavy.jpg	Wavy
Frame00246_Straight.jpg	Straight
Frame00247_Wavy.jpg	Wavy
Frame00251_Wavy.jpg	Wavy
Frame00252_Wavy.jpg	Wavy
Frame00259_Curly.jpg	Curly
Frame00262_Wavy.jpg	Wavy
Frame00263_Wavy.jpg	Wavy
Frame00265_Wavy.jpg	Wavy
Frame00267_Wavy.jpg	Wavy
Frame00281_Wavy.jpg	Wavy
Frame00282_Wavy.jpg	Wavy
Frame00285_Wavy.jpg	Wavy
Frame00293_Wavy.jpg	Wavy
Frame00303_Wavy.jpg	Wavy
Frame00308_Curly.jpg	Curly
Frame00314_Wavy.jpg	Wavy
Frame00319_Wavy.jpg	Wavy
Frame00321_Wavy.jpg	Wavy
Frame00328_Wavy.jpg	Wavy
Frame00333_Wavy.jpg	Wavy
Frame00347_Wavy.jpg	Wavy
Frame00353_Curly.jpg	Curly
Frame00358_Curly.jpg	Curly
Frame00361_Curly.jpg	Curly
Frame00363_Curly.jpg	Curly
Frame00365_Curly.jpg	Curly
Frame00367_Curly.jpg	Curly
Frame00373_Curly.jpg	Curly
Frame00374_Curly.jpg	Curly
Frame00381_Curly.jpg	Curly
Frame00387_Curly.jpg	Curly
Frame00391_Curly.jpg	Curly
Frame00401_Curly.jpg	Curly
Frame00404_Curly.jpg	Curly
Frame00408_Curly.jpg	Curly
Frame00409_Curly.jpg	Curly
Frame00416_Curly.jpg	Curly
Frame00431_Curly.jpg	Curly
Frame00432_Curly.jpg	Curly
Frame00433_Curly.jpg	Curly
Frame00435_Curly.jpg	Curly
Frame00442_Curly.jpg	Curly
Frame00450_Curly.jpg	Curly
Frame00454_Curly.jpg	Curly
Frame00457_Curly.jpg	Curly
Frame00458_Curly.jpg	Curly
Frame00459_Curly.jpg	Curly
Frame00463_Curly.jpg	Curly
Frame00467_Kinky.jpg	Kinky
Frame00468_Kinky.jpg	Kinky
Frame00469_Kinky.jpg	Kinky
Frame00470_Kinky.jpg	Kinky
Frame00471_Straight.jpg	Straight
Frame00472_Kinky.jpg	Kinky
Frame00473_Kinky.jpg	Kinky
Frame00474_Kinky.jpg	Kinky
Frame00475_Kinky.jpg	Kinky
Frame00476_Kinky.jpg	Kinky
Frame00477_Kinky.jpg	Kinky
Frame00478_Kinky.jpg	Kinky
Frame00479_Kinky.jpg	Kinky
Frame00480_Kinky.jpg	Kinky
Frame00481_Kinky.jpg	Kinky
Frame00482_Kinky.jpg	Kinky
Frame00483_Kinky.jpg	Kinky
Frame00484_Kinky.jpg	Kinky
Frame00485_Kinky.jpg	Kinky
Frame00486_Kinky.jpg	Kinky
Frame00487_Kinky.jpg	Kinky
Frame00488_Kinky.jpg	Kinky
Frame00489_Kinky.jpg	Kinky
Frame00490_Kinky.jpg	Kinky
Frame00491_Kinky.jpg	Kinky
Frame00492_Kinky.jpg	Kinky
Frame00493_Kinky.jpg	Kinky
Frame00494_Kinky.jpg	Kinky
Frame00495_Kinky.jpg	Kinky
Frame00496_Kinky.jpg	Kinky
Frame00497_Kinky.jpg	Kinky
Frame00498_Kinky.jpg	Kinky
Frame00499_Kinky.jpg	Kinky
Frame00500_Kinky.jpg	Kinky
Frame00501_Kinky.jpg	Kinky
Frame00502_Kinky.jpg	Kinky
Frame00503_Kinky.jpg	Kinky
Frame00504_Kinky.jpg	Kinky
Frame00505_Kinky.jpg	Kinky
Frame00506_Kinky.jpg	Kinky
Frame00507_Kinky.jpg	Kinky
Frame00508_Kinky.jpg	Kinky
Frame00509_Curly.jpg	Curly
Frame00509_Kinky.jpg	Kinky
Frame00510_Kinky.jpg	Kinky
Frame00511_Kinky.jpg	Kinky
Frame00512_Kinky.jpg	Kinky
Frame00513_Kinky.jpg	Kinky
Frame00514_Kinky.jpg	Kinky
Frame00515_Kinky.jpg	Kinky
Frame00516_Kinky.jpg	Kinky
Frame00517_Kinky.jpg	Kinky
Frame00518_Curly.jpg	Curly
Frame00519_Kinky.jpg	Kinky
Frame00520_Straight.jpg	Straight
Frame00521_Kinky.jpg	Kinky
Frame00522_Kinky.jpg	Kinky
Frame00523_Kinky.jpg	Kinky
Frame00524_Curly.jpg	Curly
Frame00525_Kinky.jpg	Kinky
Frame00526_Kinky.jpg	Kinky
Frame00527_Kinky.jpg	Kinky
Frame00528_Kinky.jpg	Kinky
Frame00529_Kinky.jpg	Kinky
Frame00530_Kinky.jpg	Kinky
Frame00531_Kinky.jpg	Kinky
Frame00532_Kinky.jpg	Kinky
Frame00533_Kinky.jpg	Kinky
Frame00534_Curly.jpg	Curly
Frame00535_Kinky.jpg	Kinky
Frame00536_Kinky.jpg	Kinky
Frame00537_Kinky.jpg	Kinky
Frame00538_Kinky.jpg	Kinky
Frame00539_Kinky.jpg	Kinky
Frame00540_Kinky.jpg	Kinky
Frame00541_Kinky.jpg	Kinky
Frame00542_Kinky.jpg	Kinky
Frame00543_Kinky.jpg	Kinky
Frame00544_Kinky.jpg	Kinky
Frame00545_Kinky.jpg	Kinky
Frame00546_Kinky.jpg	Kinky
Frame00547_Kinky.jpg	Kinky
Frame00548_Kinky.jpg	Kinky
Frame00549_Kinky.jpg	Kinky
Frame00550_Kinky.jpg	Kinky
Frame00551_Kinky.jpg	Kinky
Frame00552_Kinky.jpg	Kinky
Frame00553_Kinky.jpg	Kinky
Frame00554_Kinky.jpg	Kinky
Frame00555_Kinky.jpg	Kinky
Frame00556_Kinky.jpg	Kinky
Frame00557_Kinky.jpg	Kinky
Frame00558_Kinky.jpg	Kinky
Frame00559_Kinky.jpg	Kinky
Frame00560_Kinky.jpg	Kinky
Frame00561_Kinky.jpg	Kinky
Frame00562_Kinky.jpg	Kinky
Frame00563_Kinky.jpg	Kinky
Frame00564_Kinky.jpg	Kinky
Frame00565_Kinky.jpg	Kinky
Frame00566_Kinky.jpg	Kinky
Frame00567_Kinky.jpg	Kinky
Frame00568_Kinky.jpg	Kinky
Frame00569_Kinky.jpg	Kinky
Frame00570_Kinky.jpg	Kinky
Frame00571_Kinky.jpg	Kinky
Frame00572_Kinky.jpg	Kinky
Frame00573_Kinky.jpg	Kinky
Frame00574_Kinky.jpg	Kinky
Frame00575_Kinky.jpg	Kinky
Frame00576_Kinky.jpg	Kinky
Frame00577_Kinky.jpg	Kinky
Frame00578_Kinky.jpg	Kinky
Frame00579_Kinky.jpg	Kinky
Frame00580_Kinky.jpg	Kinky
Frame00581_Kinky.jpg	Kinky
Frame00582_Kinky.jpg	Kinky
Frame00583_Kinky.jpg	Kinky
Frame00584_Kinky.jpg	Kinky
Frame00585_Kinky.jpg	Kinky
Frame00586_Kinky.jpg	Kinky
Frame00587_Kinky.jpg	Kinky
Frame00588_Kinky.jpg	Kinky
Frame00589_Kinky.jpg	Kinky
Frame00590_Kinky.jpg	Kinky
Frame00591_Kinky.jpg	Kinky
Frame00592_Kinky.jpg	Kinky
Frame00593_Kinky.jpg	Kinky
Frame00594_Kinky.jpg	Kinky
Frame00595_Kinky.jpg	Kinky
Frame00596_Kinky.jpg	Kinky
Frame00597_Kinky.jpg	Kinky
Frame00598_Kinky.jpg	Kinky
Frame00599_Kinky.jpg	Kinky
Frame00600_Kinky.jpg	Kinky
Frame00601_Kinky.jpg	Kinky
Frame00605_Kinky.jpg	Kinky
Frame00616_Kinky.jpg	Kinky
Frame00617_Kinky.jpg	Kinky
Frame00622_Kinky.jpg	Kinky
Frame00627_Kinky.jpg	Kinky
Frame00631_Kinky.jpg	Kinky
Frame00638_Kinky.jpg	Kinky
Frame00640_Kinky.jpg	Kinky
Frame00642_Kinky.jpg	Kinky
Frame00643_Kinky.jpg	Kinky
Frame00645_Kinky.jpg	Kinky
Frame00650_Kinky.jpg	Kinky
Frame00666_StraightBraids.jpg	StraightBraids
Frame00668_StraightBraids.jpg	StraightBraids
Frame00680_StraightBraids.jpg	StraightBraids
Frame00681_StraightBraids.jpg	StraightBraids
Frame00685_StraightBraids.jpg	StraightBraids
Frame00694_StraightBraids.jpg	StraightBraids
Frame00695_StraightBraids.jpg	StraightBraids
Frame00699_StraightBraids.jpg	StraightBraids
Frame00701_StraightBraids.jpg	StraightBraids
Frame00714_StraightBraids.jpg	StraightBraids
Frame00715_StraightBraids.jpg	StraightBraids
Frame00720_StraightBraids.jpg	StraightBraids
Frame00729_StraightBraids.jpg	StraightBraids
Frame00730_StraightBraids.jpg	StraightBraids
Frame00741_StraightBraids.jpg	StraightBraids
Frame00742_StraightBraids.jpg	StraightBraids
Frame00744_StraightBraids.jpg	StraightBraids
Frame00906_Straight.jpg	Straight
Frame00912_Straight.jpg	Straight
Frame00929_Straight.jpg	Straight
Frame00935_Straight.jpg	Straight
Frame00960_Straight.jpg	Straight
Frame00962_Straight.jpg	Straight
Frame00964_Straight.jpg	Straight
Frame00967_Straight.jpg	Straight
Frame00969_Straight.jpg	Straight
Frame00971_Straight.jpg	Straight
Frame00974_Straight.jpg	Straight
Frame00975_Straight.jpg	Straight
Frame00977_Straight.jpg	Straight
Frame00983_Straight.jpg	Straight
Frame00990_Straight.jpg	Straight
Frame00991_Straight.jpg	Straight
Frame00997_Straight.jpg	Straight
Frame00998_Straight.jpg	Straight
Frame01005_Straight.jpg	Straight
Frame01010_Straight.jpg	Straight
Frame01013_Straight.jpg	Straight
Frame01018_Straight.jpg	Straight
Frame01026_Straight.jpg	Straight
Frame01033_Straight.jpg	Straight
Frame01034_Straight.jpg	Straight
Frame01037_Straight.jpg	Straight
Frame01039_Straight.jpg	Straight
Frame01042_Straight.jpg	Straight
Frame01050_Straight.jpg	Straight
Frame00762org.jpg	Locks
Frame00767org.jpg	Locks
Frame00769org.jpg	Locks
Frame00772org.jpg	Locks
Frame00782org.jpg	Locks
Frame00785org.jpg	Locks
Frame00792org.jpg	Locks
Frame00794org.jpg	Locks
Frame00795org.jpg	Locks
Frame00798org.jpg	Locks
Frame00801org.jpg	Locks
Frame00802org.jpg	Locks
Frame00817org.jpg	Locks
Frame00819org.jpg	Locks
Frame00822org.jpg	Locks
Frame00826org.jpg	Locks
Frame00827org.jpg	Locks
Frame00832org.jpg	Locks
Frame00850org.jpg	Locks
Frame00856org.jpg	Locks
Frame00858org.jpg	Locks
Frame00862org.jpg	Locks
Frame00869org.jpg	Locks
Frame00877org.jpg	Locks
Frame00883org.jpg	Locks
Frame00888org.jpg	Locks
Frame00889org.jpg	Locks
Frame00892org.jpg	Locks
Frame00897org.jpg	Locks
Frame00900org.jpg	Locks
Frame00903org.jpg	Locks
1562164816_Curly.jpg	Curly
1562166145_curly.jpg	Curly
1562166154_wavy.jpg	Wavy
1562264420_wavy.jpg	Wavy
1562264590_curly.jpg	Curly
1562264601_curly.jpg	Curly
1562264611_curly.jpg	Curly
1562264630_curly.jpg	Curly
1562264687_curly.jpg	Curly
1562264698_curly.jpg	Curly
1562264730_curly.jpg	Curly
1562345017_curly.jpg	Curly
1562345071_curly.jpg	Curly
1562349332_curly.jpg	Curly
1562349371_curly.jpg	Curly
1562349386_curly.jpg	Curly
1562349970_curly.jpg	Curly
1562349991_curly.jpg	Curly
1562350013_curly.jpg	Curly
1562350026_curly.jpg	Curly
1562350036_curly.jpg	Curly
1562351757_Locks.jpg	Locks
1562351846_curly.jpg	Curly
1562353664_curly.jpg	Curly
1562353676_curly.jpg	Curly
1562353693_curly.jpg	Curly
1562353721_curly.jpg	Curly
1562362564_curly.jpg	Curly
1562362573_curly.jpg	Curly
1562362872_Straight.jpg	Straight
1562362931_Straight.jpg	Straight
1562363084_Straight.jpg	Straight
1562364441_curly.jpg	Curly
1562367070_Bald.jpg	Bald
1562372752__curly.jpg	Curly
1562372777_curly.jpg	Curly
1562375086_curly.jpg	Curly
1562388728_curly.jpg	Curly
1562413829_Straight.jpg	Straight
1562413968_curly.jpg	Curly
1562414300_Straight.jpg	Straight
1562415150_Straight.jpg	Straight
1562416128_Straight.jpg	Straight
1562425516_curly.jpg	Curly
1562425563_Bald.jpg	Bald
1562425803_curly.jpg	Curly
1562427175_Straight.jpg	Straight
1562427396_Locks.jpg	Locks
1562429869_curly.jpg	Curly
1562430062_Straight.jpg	Straight
1562432581_Straight.jpg	Straight
1562436305__curly.jpg	Curly
1562436348_Locks.jpg	Locks
1562436487_curly.jpg	Curly
1562436520_curly.jpg	Curly
1562436574_Locks.jpg	Locks
1562440088_Locks.jpg	Locks
1562445797_Straight.jpg	Straight
1562445861_Straight.jpg	Straight
1562445898_Straight.jpg	Straight
1562458692_curly.jpg	Curly
1562461542_curly.jpg	Curly
1562462758_curly.jpg	Curly
1562466660_curly.jpg	Curly
1562470244_curly.jpg	Curly
1562470282_curly.jpg	Curly
1562470306_curly.jpg	Curly
1562470357_curly.jpg	Curly
1562470383_curly.jpg	Curly
1562474405_curly.jpg	Curly
1562474694_curly.jpg	Curly
1562500045_Straight.jpg	Straight
1562510276_curly.jpg	Curly
1562510569_curly.jpg	Curly
1562510611_curly.jpg	Curly
1562512946_curly.jpg	Curly
1562513034_curly.jpg	Curly
1562517998_curly.jpg	Curly
1562518069_curly.jpg	Curly
1562518144_curly.jpg	Curly
1562519304_curly.jpg	Curly
1562530341_curly.jpg	Curly
1562530356_curly.jpg	Curly
1562530368_curly.jpg	Curly
1562530378_curly.jpg	Curly
1562530391_curly.jpg	Curly
1562530402_curly.jpg	Curly
1562530412_curly.jpg	Curly
1562530423_curly.jpg	Curly
1562530441_curly.jpg	Curly
1562530495_curly.jpg	Curly
1562530884_curly.jpg	Curly
1562535527_Curly.jpg	Curly
1562549893_Bald.jpg	Bald
1562794201_Bald.jpg	Bald
1562848694_curly.jpg	Curly
1562848706_curly.jpg	Curly
1562892682_Kinky.jpg	Kinky
1562892721_kinky.jpg	Kinky
1562938228_curly.jpg	Curly
1562966732_curly.jpg	Curly
1563022761_curly.jpg	Curly
1563022799_curly.jpg	Curly
1563212792_curly.jpg	Curly
1563236761_curly.jpg	Curly
1563322891_curly.jpg	Curly
1563322917_curly.jpg	Curly
1563395973_curly.jpg	Curly
1563396531_curly.jpg	Curly
1563396553_curly.jpg	Curly